{"count":1,"self":1298.9796351999998,"total":75162.696966499992,"children":{"InitializeActuators":{"count":20,"self":0.0061867,"total":0.0061867,"children":null},"InitializeSensors":{"count":20,"self":0.0044052,"total":0.0044052,"children":null},"AgentSendState":{"count":251017,"self":23.089174399999997,"total":360.67955559999996,"children":{"CollectObservations":{"count":5020340,"self":20.085824,"total":20.085824,"children":null},"WriteActionMask":{"count":5020340,"self":5.9539779999999993,"total":5.9539779,"children":null},"RequestDecision":{"count":5020340,"self":18.299569599999998,"total":311.55057969999996,"children":{"AgentInfo.ToProto":{"count":5020340,"self":18.0806608,"total":293.2510106,"children":{"GenerateSensorData":{"count":5020340,"self":275.17035519999996,"total":275.17034939999996,"children":null}}}}}}},"DecideAction":{"count":251017,"self":73485.6937472,"total":73485.691179599991,"children":null},"AgentAct":{"count":251017,"self":17.1638944,"total":17.2474371,"children":{"AgentInfo.ToProto":{"count":1548,"self":0.0110852,"total":0.0835428,"children":{"GenerateSensorData":{"count":1548,"self":0.0724576,"total":0.0724576,"children":null}}}}},"AgentInfo.ToProto":{"count":387,"self":0.0060113,"total":0.025271599999999998,"children":{"GenerateSensorData":{"count":387,"self":0.019260299999999998,"total":0.019260299999999998,"children":null}}}},"gauges":{"Charge.CumulativeReward":{"count":1935,"max":350.08905,"min":-226.555573,"runningAverage":-22.6621914,"value":-18.8533344,"weightedAverage":35.1581955}},"metadata":{"timer_format_version":"0.1.0","start_time_seconds":"1714937310","unity_version":"2023.2.16f1","command_line_arguments":"E:\\UnityProjects\\Battle\\SACAttackEnv\\SquidBattle.exe --mlagents-port 5005 -logFile E:\\UnityProjects\\Battle\\results\\Attack\\run_logs\\Player-0.log","communication_protocol_version":"1.5.0","com.unity.ml-agents_version":"2.0.1","scene_name":"MLTraining","end_time_seconds":"1715012467"}}