{"count":1,"self":1452.0676352,"total":51105.3629723,"children":{"InitializeActuators":{"count":20,"self":0.0015068,"total":0.0015068,"children":null},"InitializeSensors":{"count":20,"self":0.0025174999999999998,"total":0.0025174999999999998,"children":null},"AgentSendState":{"count":250841,"self":25.4224464,"total":370.95153819999996,"children":{"CollectObservations":{"count":5016820,"self":27.0212416,"total":27.02124,"children":null},"WriteActionMask":{"count":5016820,"self":6.1499824,"total":6.1499823,"children":null},"RequestDecision":{"count":5016820,"self":19.971992,"total":312.35786959999996,"children":{"AgentInfo.ToProto":{"count":5016820,"self":20.73716,"total":292.3858778,"children":{"GenerateSensorData":{"count":5016820,"self":271.6487168,"total":271.6487181,"children":null}}}}}}},"DecideAction":{"count":250841,"self":49265.606655999996,"total":49265.607042999996,"children":null},"AgentAct":{"count":250841,"self":16.600976,"total":16.6631259,"children":{"AgentInfo.ToProto":{"count":1407,"self":0.0045446,"total":0.0621491,"children":{"GenerateSensorData":{"count":1407,"self":0.057604499999999996,"total":0.057604499999999996,"children":null}}}}},"AgentInfo.ToProto":{"count":772,"self":0.0099121,"total":0.053867099999999994,"children":{"GenerateSensorData":{"count":772,"self":0.043955,"total":0.043955,"children":null}}}},"gauges":{"Charge.CumulativeReward":{"count":2179,"max":328.1717,"min":-125.607506,"runningAverage":70.02031,"value":-99.7719955,"weightedAverage":133.40892}},"metadata":{"timer_format_version":"0.1.0","start_time_seconds":"1714784016","unity_version":"2023.2.16f1","command_line_arguments":"E:\\UnityProjects\\Battle\\SACEnv\\SquidBattle.exe --mlagents-port 5005 -logFile E:\\UnityProjects\\Battle\\results\\Charge4\\run_logs\\Player-0.log","communication_protocol_version":"1.5.0","com.unity.ml-agents_version":"2.0.1","scene_name":"MLTraining","end_time_seconds":"1714835120"}}