{
    "name": "root",
    "gauges": {
        "Runaway.Policy.Entropy.mean": {
            "value": 2.1127257347106934,
            "min": 2.11262845993042,
            "max": 2.113023042678833,
            "count": 5
        },
        "Runaway.Policy.Entropy.sum": {
            "value": 105594.03125,
            "min": 44937.4453125,
            "max": 105773.7109375,
            "count": 5
        },
        "Runaway.Environment.EpisodeLength.mean": {
            "value": 860.4561403508771,
            "min": 672.3918918918919,
            "max": 860.4561403508771,
            "count": 5
        },
        "Runaway.Environment.EpisodeLength.sum": {
            "value": 49046.0,
            "min": 17801.0,
            "max": 50813.0,
            "count": 5
        },
        "Runaway.Step.mean": {
            "value": 999981.0,
            "min": 799969.0,
            "max": 999981.0,
            "count": 5
        },
        "Runaway.Step.sum": {
            "value": 999981.0,
            "min": 799969.0,
            "max": 999981.0,
            "count": 5
        },
        "Runaway.Policy.ExtrinsicValueEstimate.mean": {
            "value": -5.67535924911499,
            "min": -6.722002029418945,
            "max": -5.67535924911499,
            "count": 5
        },
        "Runaway.Policy.ExtrinsicValueEstimate.sum": {
            "value": -4528.9365234375,
            "min": -5135.27294921875,
            "max": -2272.03662109375,
            "count": 5
        },
        "Runaway.Environment.CumulativeReward.mean": {
            "value": 15.730995349716721,
            "min": -0.09909828289135082,
            "max": 15.730995349716721,
            "count": 5
        },
        "Runaway.Environment.CumulativeReward.sum": {
            "value": 896.6667349338531,
            "min": -7.333272933959961,
            "max": 896.6667349338531,
            "count": 5
        },
        "Runaway.Policy.ExtrinsicReward.mean": {
            "value": 15.730995349716721,
            "min": -0.09909828289135082,
            "max": 15.730995349716721,
            "count": 5
        },
        "Runaway.Policy.ExtrinsicReward.sum": {
            "value": 896.6667349338531,
            "min": -7.333272933959961,
            "max": 896.6667349338531,
            "count": 5
        },
        "Runaway.Losses.PolicyLoss.mean": {
            "value": 0.052586205527167196,
            "min": 0.04891468840935819,
            "max": 0.052913344261671436,
            "count": 5
        },
        "Runaway.Losses.PolicyLoss.sum": {
            "value": 2.5241378653040254,
            "min": 1.0320177361330327,
            "max": 2.539840524560229,
            "count": 5
        },
        "Runaway.Losses.ValueLoss.mean": {
            "value": 24.544062468740673,
            "min": 24.544062468740673,
            "max": 28.67190458310975,
            "count": 5
        },
        "Runaway.Losses.ValueLoss.sum": {
            "value": 1178.1149984995523,
            "min": 528.6638749122619,
            "max": 1376.251419989268,
            "count": 5
        },
        "Runaway.Policy.LearningRate.mean": {
            "value": 2.5133123766249994e-07,
            "min": 2.5133123766249994e-07,
            "max": 2.09850201577e-06,
            "count": 5
        },
        "Runaway.Policy.LearningRate.sum": {
            "value": 1.2063899407799996e-05,
            "min": 1.2063899407799996e-05,
            "max": 8.38663413762e-05,
            "count": 5
        },
        "Runaway.Policy.Epsilon.mean": {
            "value": 0.105024675,
            "min": 0.105024675,
            "max": 0.14196846000000002,
            "count": 5
        },
        "Runaway.Policy.Epsilon.sum": {
            "value": 5.0411844,
            "min": 2.8393692,
            "max": 6.4772476,
            "count": 5
        },
        "Runaway.Policy.Beta.mean": {
            "value": 0.005,
            "min": 0.005,
            "max": 0.005000000000000001,
            "count": 5
        },
        "Runaway.Policy.Beta.sum": {
            "value": 0.24000000000000002,
            "min": 0.10000000000000002,
            "max": 0.24500000000000002,
            "count": 5
        },
        "Runaway.IsTraining.mean": {
            "value": 1.0,
            "min": 1.0,
            "max": 1.0,
            "count": 5
        },
        "Runaway.IsTraining.sum": {
            "value": 1.0,
            "min": 1.0,
            "max": 1.0,
            "count": 5
        }
    },
    "metadata": {
        "timer_format_version": "0.1.0",
        "start_time_seconds": "1712810688",
        "python_version": "3.9.0 (tags/v3.9.0:9cf6752, Oct  5 2020, 15:34:40) [MSC v.1927 64 bit (AMD64)]",
        "command_line_arguments": "E:\\UnityProjects\\Battle\\MLvenv\\Scripts\\mlagents-learn config/PushDummy.yaml --run-id=RunawayTest1 --resume",
        "mlagents_version": "0.30.0",
        "mlagents_envs_version": "0.30.0",
        "communication_protocol_version": "1.5.0",
        "pytorch_version": "2.2.2+cu121",
        "numpy_version": "1.21.2",
        "end_time_seconds": "1712811636"
    },
    "total": 948.5591563999999,
    "count": 1,
    "self": 0.03847929999983535,
    "children": {
        "run_training.setup": {
            "total": 0.11895640000000007,
            "count": 1,
            "self": 0.11895640000000007
        },
        "TrainerController.start_learning": {
            "total": 948.4017207,
            "count": 1,
            "self": 0.8480380999992576,
            "children": {
                "TrainerController._reset_env": {
                    "total": 14.156387299999999,
                    "count": 1,
                    "self": 14.156387299999999
                },
                "TrainerController.advance": {
                    "total": 933.2299072000009,
                    "count": 37165,
                    "self": 0.8253728999975465,
                    "children": {
                        "env_step": {
                            "total": 822.3419421000056,
                            "count": 37165,
                            "self": 631.9060588000052,
                            "children": {
                                "SubprocessEnvManager._take_step": {
                                    "total": 189.85914149999707,
                                    "count": 37165,
                                    "self": 2.640860500001253,
                                    "children": {
                                        "TorchPolicy.evaluate": {
                                            "total": 187.2182809999958,
                                            "count": 36881,
                                            "self": 187.2182809999958
                                        }
                                    }
                                },
                                "workers": {
                                    "total": 0.5767418000033331,
                                    "count": 37165,
                                    "self": 0.0,
                                    "children": {
                                        "worker_root": {
                                            "total": 933.805302999995,
                                            "count": 37165,
                                            "is_parallel": true,
                                            "self": 349.30442209999455,
                                            "children": {
                                                "steps_from_proto": {
                                                    "total": 0.0003799999999998249,
                                                    "count": 1,
                                                    "is_parallel": true,
                                                    "self": 0.00018180000000000973,