{
    "name": "root",
    "gauges": {
        "MoveToGoal.Policy.Entropy.mean": {
            "value": 2.104170322418213,
            "min": 2.104170322418213,
            "max": 2.1128697395324707,
            "count": 20
        },
        "MoveToGoal.Policy.Entropy.sum": {
            "value": 105418.9296875,
            "min": 104701.640625,
            "max": 107302.9921875,
            "count": 20
        },
        "MoveToGoal.Step.mean": {
            "value": 999996.0,
            "min": 49990.0,
            "max": 999996.0,
            "count": 20
        },
        "MoveToGoal.Step.sum": {
            "value": 999996.0,
            "min": 49990.0,
            "max": 999996.0,
            "count": 20
        },
        "MoveToGoal.Policy.ExtrinsicValueEstimate.mean": {
            "value": -6.363451957702637,
            "min": -9.949505805969238,
            "max": -0.26363253593444824,
            "count": 20
        },
        "MoveToGoal.Policy.ExtrinsicValueEstimate.sum": {
            "value": -5103.48828125,
            "min": -8029.2509765625,
            "max": -219.34226989746094,
            "count": 20
        },
        "MoveToGoal.Losses.PolicyLoss.mean": {
            "value": 0.053661478432488564,
            "min": 0.048345629091495035,
            "max": 0.053661478432488564,
            "count": 20
        },
        "MoveToGoal.Losses.PolicyLoss.sum": {
            "value": 2.575750964759451,
            "min": 2.153728540421677,
            "max": 2.575750964759451,
            "count": 20
        },
        "MoveToGoal.Losses.ValueLoss.mean": {
            "value": 43.73192250529926,
            "min": 34.750939147975174,
            "max": 325.78343346860504,
            "count": 20
        },
        "MoveToGoal.Losses.ValueLoss.sum": {
            "value": 2099.1322802543646,
            "min": 1702.7960182507834,
            "max": 14334.471072618622,
            "count": 20
        },
        "MoveToGoal.Policy.LearningRate.mean": {
            "value": 2.4978062816875004e-07,
            "min": 2.4978062816875004e-07,
            "max": 9.738390343395455e-06,
            "count": 20
        },
        "MoveToGoal.Policy.LearningRate.sum": {
            "value": 1.1989470152100001e-05,
            "min": 1.1989470152100001e-05,
            "max": 0.00045328343716930007,
            "count": 20
        },
        "MoveToGoal.Policy.Epsilon.mean": {
            "value": 0.10499366250000002,
            "min": 0.10499366250000002,
            "max": 0.2947677545454545,
            "count": 20
        },
        "MoveToGoal.Policy.Epsilon.sum": {
            "value": 5.0396958000000005,
            "min": 5.0396958000000005,
            "max": 13.965661399999998,
            "count": 20
        },
        "MoveToGoal.Policy.Beta.mean": {
            "value": 0.005,
            "min": 0.005,
            "max": 0.005000000000000001,
            "count": 20
        },
        "MoveToGoal.Policy.Beta.sum": {
            "value": 0.24000000000000002,
            "min": 0.22000000000000006,
            "max": 0.24500000000000002,
            "count": 20
        },
        "MoveToGoal.Environment.EpisodeLength.mean": {
            "value": 1512.6,
            "min": 429.9468085106383,
            "max": 1678.2666666666667,
            "count": 20
        },
        "MoveToGoal.Environment.EpisodeLength.sum": {
            "value": 45378.0,
            "min": 40415.0,
            "max": 53919.0,
            "count": 20
        },
        "MoveToGoal.Environment.CumulativeReward.mean": {
            "value": -41.47000061223904,
            "min": -98.09021522737639,
            "max": -37.33133367598057,
            "count": 20
        },
        "MoveToGoal.Environment.CumulativeReward.sum": {
            "value": -1244.1000183671713,
            "min": -9122.390016146004,
            "max": -1119.940010279417,
            "count": 20
        },
        "MoveToGoal.Policy.ExtrinsicReward.mean": {
            "value": -41.47000061223904,
            "min": -98.09021522737639,
            "max": -37.33133367598057,
            "count": 20
        },
        "MoveToGoal.Policy.ExtrinsicReward.sum": {
            "value": -1244.1000183671713,
            "min": -9122.390016146004,
            "max": -1119.940010279417,
            "count": 20
        },
        "MoveToGoal.IsTraining.mean": {
            "value": 1.0,
            "min": 1.0,
            "max": 1.0,
            "count": 20
        },
        "MoveToGoal.IsTraining.sum": {
            "value": 1.0,
            "min": 1.0,
            "max": 1.0,
            "count": 20
        }
    },
    "metadata": {
        "timer_format_version": "0.1.0",
        "start_time_seconds": "1714189625",
        "python_version": "3.9.0 (tags/v3.9.0:9cf6752, Oct  5 2020, 15:34:40) [MSC v.1927 64 bit (AMD64)]",
        "command_line_arguments": "E:\\UnityProjects\\Battle\\MLvenv\\Scripts\\mlagents-learn config/PushDummy.yaml --env=ChargeTestBuild --run-id=Charge2 --time-scale=1 --force",
        "mlagents_version": "0.30.0",
        "mlagents_envs_version": "0.30.0",
        "communication_protocol_version": "1.5.0",
        "pytorch_version": "2.2.2+cu121",
        "numpy_version": "1.21.2",
        "end_time_seconds": "1714191448"
    },
    "total": 1822.4580055,
    "count": 1,
    "self": 1.780446499999698,
    "children": {
        "run_training.setup": {
            "total": 0.14178900000000016,
            "count": 1,
            "self": 0.14178900000000016
        },
        "TrainerController.start_learning": {
            "total": 1820.5357700000002,
            "count": 1,
            "self": 1.7202782999984265,
            "children": {
                "TrainerController._reset_env": {
                    "total": 24.67673,
                    "count": 1,
                    "self": 24.67673
                },
                "TrainerController.advance": {
                    "total": 1793.9583019000017,
                    "count": 50033,
                    "self": 1.6471885000185011,
                    "children": {
                        "env_step": {
                            "total": 1144.9049160999894,
                            "count": 50033,
                            "self": 805.1477823999884,
                            "children": {
                                "SubprocessEnvManager._take_step": {
                                    "total": 338.76961770000935,
                                    "count": 50033,
                                    "self": 7.893698600009998,
                                    "children": {
                                        "TorchPolicy.evaluate": {
                                            "total": 330.87591909999935,
                                            "count": 50033,
                                            "self": 330.87591909999935
                                        }
                                    }
                                },
                                "workers": {
                                    "total": 0.9875159999915972,
                                    "count": 50033,
                                    "self": 0.0,
                                    "children": {
                                        "worker_root": {
                                            "total": 1794.5797120999991,
                                            "count": 50033,
                                            "is_parallel": true,
                                            "self": 1107.1597740999664,
                                            "children": {
                                                "steps_from_proto": {
                                                    "total": 0.0007543999999981565,
                                                    "count": 1,
                                                    "is_parallel": true,