{
    "name": "root",
    "gauges": {
        "Charge.Policy.Entropy.mean": {
            "value": 0.7012282013893127,
            "min": 0.7012282013893127,
            "max": 1.4493011236190796,
            "count": 12
        },
        "Charge.Policy.Entropy.sum": {
            "value": 36912.65234375,
            "min": 5176.6591796875,
            "max": 78802.2578125,
            "count": 12
        },
        "Charge.Environment.EpisodeLength.mean": {
            "value": 2437.6190476190477,
            "min": 305.5,
            "max": 2896.8125,
            "count": 12
        },
        "Charge.Environment.EpisodeLength.sum": {
            "value": 51190.0,
            "min": 611.0,
            "max": 57926.0,
            "count": 12
        },
        "Charge.Step.mean": {
            "value": 8999402.0,
            "min": 8449959.0,
            "max": 8999402.0,
            "count": 12
        },
        "Charge.Step.sum": {
            "value": 8999402.0,
            "min": 8449959.0,
            "max": 8999402.0,
            "count": 12
        },
        "Charge.Policy.ExtrinsicValue.mean": {
            "value": -5.67949104309082,
            "min": -11.082816123962402,
            "max": 1.0121194124221802,
            "count": 12
        },
        "Charge.Policy.ExtrinsicValue.sum": {
            "value": -204.46168518066406,
            "min": -374.4121398925781,
            "max": 35.42417907714844,
            "count": 12
        },
        "Charge.Environment.CumulativeReward.mean": {
            "value": -48.71749849319458,
            "min": -96.99000549316406,
            "max": -26.064581654965878,
            "count": 12
        },
        "Charge.Environment.CumulativeReward.sum": {
            "value": -974.3499698638916,
            "min": -1754.8499755859375,
            "max": -96.99000549316406,
            "count": 12
        },
        "Charge.Policy.ExtrinsicReward.mean": {
            "value": -48.71749849319458,
            "min": -96.99000549316406,
            "max": -26.064581654965878,
            "count": 12
        },
        "Charge.Policy.ExtrinsicReward.sum": {
            "value": -974.3499698638916,
            "min": -1754.8499755859375,
            "max": -96.99000549316406,
            "count": 12
        },
        "Charge.IsTraining.mean": {
            "value": 1.0,
            "min": 1.0,
            "max": 1.0,
            "count": 12
        },
        "Charge.IsTraining.sum": {
            "value": 1.0,
            "min": 1.0,
            "max": 1.0,
            "count": 12
        },
        "Charge.Losses.PolicyLoss.mean": {
            "value": 12.636223425803665,
            "min": -5.128852725457094,
            "max": 14.809467488874917,
            "count": 11
        },
        "Charge.Losses.PolicyLoss.sum": {
            "value": 31754.829469044613,
            "min": -8539.53978788606,
            "max": 36974.46236345246,
            "count": 11
        },
        "Charge.Losses.ValueLoss.mean": {
            "value": 0.03245734499326515,
            "min": 0.03245734499326515,
            "max": 0.5121414192710088,
            "count": 11
        },
        "Charge.Losses.ValueLoss.sum": {
            "value": 81.56530796807532,
            "min": 81.56530796807532,
            "max": 852.7154630862296,
            "count": 11
        },
        "Charge.Losses.Q1Loss.mean": {
            "value": 0.3761428486722254,
            "min": 0.36256921957624344,
            "max": 0.6915764091015412,
            "count": 11
        },
        "Charge.Losses.Q1Loss.sum": {
            "value": 945.2469787133025,
            "min": 917.6626947474722,
            "max": 1937.1055218934168,
            "count": 11
        },
        "Charge.Losses.Q2Loss.mean": {
            "value": 0.3765621803288421,
            "min": 0.36159874870219155,
            "max": 0.6953205078678361,
            "count": 11
        },
        "Charge.Losses.Q2Loss.sum": {
            "value": 946.3007591663802,
            "min": 915.2064329652468,
            "max": 1947.5927425378088,
            "count": 11
        },
        "Charge.Policy.DiscreteEntropyCoeff.mean": {
            "value": 0.10409912446327761,
            "min": 0.08809988956659331,
            "max": 0.49805036691711685,
            "count": 11
        },
        "Charge.Policy.DiscreteEntropyCoeff.sum": {
            "value": 261.60109977621664,
            "min": 217.4305274503523,
            "max": 1060.5996983976268,
            "count": 11
        },
        "Charge.Policy.ContinuousEntropyCoeff.mean": {
            "value": 0.035599084993738046,
            "min": 0.035599084993738046,
            "max": 0.4455396750299804,
            "count": 11
        },
        "Charge.Policy.ContinuousEntropyCoeff.sum": {
            "value": 89.4605005892637,
            "min": 89.4605005892637,
            "max": 930.8541829472339,
            "count": 11
        },
        "Charge.Policy.LearningRate.mean": {
            "value": 9.999999999999999e-05,
            "min": 9.999999999999999e-05,
            "max": 0.00010000000000000005,
            "count": 11
        },
        "Charge.Policy.LearningRate.sum": {
            "value": 0.25129999999999997,
            "min": 0.16650000000000004,
            "max": 0.2801000000000001,
            "count": 11
        }
    },
    "metadata": {
        "timer_format_version": "0.1.0",
        "start_time_seconds": "1714591050",
        "python_version": "3.9.0 (tags/v3.9.0:9cf6752, Oct  5 2020, 15:34:40) [MSC v.1927 64 bit (AMD64)]",
        "command_line_arguments": "E:\\UnityProjects\\Battle\\MLvenv\\Scripts\\mlagents-learn config/Charge.yaml --time-scale=1 --run-id=Charge3 --env=SACChargeEnv --resume",
        "mlagents_version": "0.30.0",
        "mlagents_envs_version": "0.30.0",
        "communication_protocol_version": "1.5.0",
        "pytorch_version": "2.2.2+cu121",
        "numpy_version": "1.21.2",
        "end_time_seconds": "1714595886"
    },
    "total": 4835.9739586999995,
    "count": 1,
    "self": 3.1279876999997214,
    "children": {
        "run_training.setup": {
            "total": 0.11418349999999977,
            "count": 1,
            "self": 0.11418349999999977
        },
        "TrainerController.start_learning": {
            "total": 4832.7317875,
            "count": 1,
            "self": 0.8370959999874685,
            "children": {
                "TrainerController._reset_env": {
                    "total": 8.4546019,
                    "count": 1,
                    "self": 8.4546019
                },
                "TrainerController.advance": {
                    "total": 4802.039791200013,
                    "count": 28349,
                    "self": 0.9284519000075306,
                    "children": {
                        "env_step": {
                            "total": 635.5298971000087,
                            "count": 28349,
                            "self": 418.6572122999437,
                            "children": {
                                "SubprocessEnvManager._take_step": {
                                    "total": 216.28058390004145,
                                    "count": 28349,
                                    "self": 3.269626800052862,
                                    "children": {
                                        "TorchPolicy.evaluate": {
                                            "total": 213.0109570999886,
                                            "count": 28349,
                                            "self": 213.0109570999886
                                        }
                                    }
                                },
                                "workers": {
                                    "total": 0.5921009000235511,
                                    "count": 28349,
                                    "self": 0.0,