{
    "name": "root",
    "gauges": {
        "MoveToGoal.Policy.Entropy.mean": {
            "value": 2.0004994869232178,
            "min": 2.0004994869232178,
            "max": 2.0116608142852783,
            "count": 2
        },
        "MoveToGoal.Policy.Entropy.sum": {
            "value": 99996.96875,
            "min": 99996.96875,
            "max": 100977.3203125,
            "count": 2
        },
        "MoveToGoal.Step.mean": {
            "value": 99936.0,
            "min": 49988.0,
            "max": 99936.0,
            "count": 2
        },
        "MoveToGoal.Step.sum": {
            "value": 99936.0,
            "min": 49988.0,
            "max": 99936.0,
            "count": 2
        },
        "MoveToGoal.Policy.ExtrinsicValueEstimate.mean": {
            "value": 7.2966132164001465,
            "min": 7.2966132164001465,
            "max": 10.290972709655762,
            "count": 2
        },
        "MoveToGoal.Policy.ExtrinsicValueEstimate.sum": {
            "value": 5808.10400390625,
            "min": 5808.10400390625,
            "max": 8273.9423828125,
            "count": 2
        },
        "MoveToGoal.Losses.PolicyLoss.mean": {
            "value": 0.05251926491911116,
            "min": 0.05073897821632838,
            "max": 0.05251926491911116,
            "count": 2
        },
        "MoveToGoal.Losses.PolicyLoss.sum": {
            "value": 2.573443981036447,
            "min": 2.384731976167434,
            "max": 2.573443981036447,
            "count": 2
        },
        "MoveToGoal.Losses.ValueLoss.mean": {
            "value": 40.29273739420638,
            "min": 34.84270883299779,
            "max": 40.29273739420638,
            "count": 2
        },
        "MoveToGoal.Losses.ValueLoss.sum": {
            "value": 1974.3441323161126,
            "min": 1637.6073151508963,
            "max": 1974.3441323161126,
            "count": 2
        },
        "MoveToGoal.Policy.LearningRate.mean": {
            "value": 0.0002548980885033632,
            "min": 0.0002548980885033632,
            "max": 0.0002847533029545744,
            "count": 2
        },
        "MoveToGoal.Policy.LearningRate.sum": {
            "value": 0.012490006336664798,
            "min": 0.012490006336664798,
            "max": 0.013383405238864998,
            "count": 2
        },
        "MoveToGoal.Policy.Epsilon.mean": {
            "value": 0.2699320489795918,
            "min": 0.2699320489795918,
            "max": 0.28983553191489353,
            "count": 2
        },
        "MoveToGoal.Policy.Epsilon.sum": {
            "value": 13.226670399999998,
            "min": 13.226670399999998,
            "max": 13.622269999999997,
            "count": 2
        },
        "MoveToGoal.Policy.Beta.mean": {
            "value": 0.005,
            "min": 0.005,
            "max": 0.005000000000000001,
            "count": 2
        },
        "MoveToGoal.Policy.Beta.sum": {
            "value": 0.24500000000000002,
            "min": 0.23500000000000004,
            "max": 0.24500000000000002,
            "count": 2
        },
        "MoveToGoal.Environment.EpisodeLength.mean": {
            "value": 576.0454545454545,
            "min": 547.0919540229885,
            "max": 576.0454545454545,
            "count": 2
        },
        "MoveToGoal.Environment.EpisodeLength.sum": {
            "value": 50692.0,
            "min": 47597.0,
            "max": 50692.0,
            "count": 2
        },
        "MoveToGoal.Environment.CumulativeReward.mean": {
            "value": 17.886363636363637,
            "min": 15.471264367816092,
            "max": 17.886363636363637,
            "count": 2
        },
        "MoveToGoal.Environment.CumulativeReward.sum": {
            "value": 1574.0,
            "min": 1346.0,
            "max": 1574.0,
            "count": 2
        },
        "MoveToGoal.Policy.ExtrinsicReward.mean": {
            "value": 17.886363636363637,
            "min": 15.471264367816092,
            "max": 17.886363636363637,
            "count": 2
        },
        "MoveToGoal.Policy.ExtrinsicReward.sum": {
            "value": 1574.0,
            "min": 1346.0,
            "max": 1574.0,
            "count": 2
        },
        "MoveToGoal.IsTraining.mean": {
            "value": 1.0,
            "min": 1.0,
            "max": 1.0,
            "count": 2
        },
        "MoveToGoal.IsTraining.sum": {
            "value": 1.0,
            "min": 1.0,
            "max": 1.0,
            "count": 2
        }
    },
    "metadata": {
        "timer_format_version": "0.1.0",
        "start_time_seconds": "1712526211",
        "python_version": "3.9.0 (tags/v3.9.0:9cf6752, Oct  5 2020, 15:34:40) [MSC v.1927 64 bit (AMD64)]",
        "command_line_arguments": "E:\\UnityProjects\\Battle\\MLvenv\\Scripts\\mlagents-learn config/MoveToGoal.yaml --initialize-from=CombatTest1 --run-id=CombatTest2",
        "mlagents_version": "0.30.0",
        "mlagents_envs_version": "0.30.0",
        "communication_protocol_version": "1.5.0",
        "pytorch_version": "2.2.2+cu121",
        "numpy_version": "1.21.2",
        "end_time_seconds": "1712526657"
    },
    "total": 446.257002,
    "count": 1,
    "self": 0.00880699999999024,
    "children": {
        "run_training.setup": {
            "total": 0.14572060000000064,
            "count": 1,
            "self": 0.14572060000000064
        },
        "TrainerController.start_learning": {
            "total": 446.1024744,
            "count": 1,
            "self": 0.4320239000003312,
            "children": {
                "TrainerController._reset_env": {
                    "total": 49.863079500000005,
                    "count": 1,
                    "self": 49.863079500000005
                },
                "TrainerController.advance": {
                    "total": 395.20585709999966,
                    "count": 17613,
                    "self": 0.4595026999987226,
                    "children": {
                        "env_step": {
                            "total": 337.2171871000004,
                            "count": 17613,
                            "self": 231.58330139999742,
                            "children": {
                                "SubprocessEnvManager._take_step": {
                                    "total": 105.33924600000287,
                                    "count": 17613,
                                    "self": 1.4720692000041993,
                                    "children": {
                                        "TorchPolicy.evaluate": {
                                            "total": 103.86717679999867,
                                            "count": 17447,
                                            "self": 103.86717679999867
                                        }
                                    }
                                },
                                "workers": {
                                    "total": 0.2946397000001042,
                                    "count": 17612,
                                    "self": 0.0,
                                    "children": {
                                        "worker_root": {
                                            "total": 334.6854486999977,
                                            "count": 17612,
                                            "is_parallel": true,
                                            "self": 191.07758710000036,
                                            "children": {
                                                "steps_from_proto": {
                                                    "total": 0.018340600000001928,
                                                    "count": 1,
                                                    "is_parallel": true,
                                                    "self": 0.005686500000003036,