{
    "name": "root",
    "gauges": {
        "MoveToGoal.Policy.Entropy.mean": {
            "value": 1.7244305610656738,
            "min": 1.7244305610656738,
            "max": 1.7250494956970215,
            "count": 2
        },
        "MoveToGoal.Policy.Entropy.sum": {
            "value": 86218.078125,
            "min": 61149.5546875,
            "max": 86218.078125,
            "count": 2
        },
        "MoveToGoal.Environment.EpisodeLength.mean": {
            "value": 46.94822627037392,
            "min": 46.94822627037392,
            "max": 47.16076294277929,
            "count": 2
        },
        "MoveToGoal.Environment.EpisodeLength.sum": {
            "value": 48967.0,
            "min": 34616.0,
            "max": 48967.0,
            "count": 2
        },
        "MoveToGoal.Step.mean": {
            "value": 249971.0,
            "min": 199999.0,
            "max": 249971.0,
            "count": 2
        },
        "MoveToGoal.Step.sum": {
            "value": 249971.0,
            "min": 199999.0,
            "max": 249971.0,
            "count": 2
        },
        "MoveToGoal.Policy.ExtrinsicValueEstimate.mean": {
            "value": 0.799123227596283,
            "min": 0.799123227596283,
            "max": 0.800524115562439,
            "count": 2
        },
        "MoveToGoal.Policy.ExtrinsicValueEstimate.sum": {
            "value": 940.5680541992188,
            "min": 660.432373046875,
            "max": 940.5680541992188,
            "count": 2
        },
        "MoveToGoal.Environment.CumulativeReward.mean": {
            "value": 1.0,
            "min": 1.0,
            "max": 1.0,
            "count": 2
        },
        "MoveToGoal.Environment.CumulativeReward.sum": {
            "value": 1043.0,
            "min": 733.0,
            "max": 1043.0,
            "count": 2
        },
        "MoveToGoal.Policy.ExtrinsicReward.mean": {
            "value": 1.0,
            "min": 1.0,
            "max": 1.0,
            "count": 2
        },
        "MoveToGoal.Policy.ExtrinsicReward.sum": {
            "value": 1043.0,
            "min": 733.0,
            "max": 1043.0,
            "count": 2
        },
        "MoveToGoal.Losses.PolicyLoss.mean": {
            "value": 0.24434401040518983,
            "min": 0.24034423827532528,
            "max": 0.24434401040518983,
            "count": 2
        },
        "MoveToGoal.Losses.PolicyLoss.sum": {
            "value": 97.24891614126555,
            "min": 66.5753540022651,
            "max": 97.24891614126555,
            "count": 2
        },
        "MoveToGoal.Losses.ValueLoss.mean": {
            "value": 0.004057209296258024,
            "min": 0.0033102928029042134,
            "max": 0.004057209296258024,
            "count": 2
        },
        "MoveToGoal.Losses.ValueLoss.sum": {
            "value": 1.6147692999106937,
            "min": 0.9169511064044671,
            "max": 1.6147692999106937,
            "count": 2
        },
        "MoveToGoal.Policy.LearningRate.mean": {
            "value": 2.9994500052114575e-05,
            "min": 2.9994500052114575e-05,
            "max": 8.088298856249386e-05,
            "count": 2
        },
        "MoveToGoal.Policy.LearningRate.sum": {
            "value": 0.0119378110207416,
            "min": 0.0119378110207416,
            "max": 0.022404587831810797,
            "count": 2
        },
        "MoveToGoal.Policy.Epsilon.mean": {
            "value": 0.1099981366834171,
            "min": 0.1099981366834171,
            "max": 0.12696097184115523,
            "count": 2
        },
        "MoveToGoal.Policy.Epsilon.sum": {
            "value": 43.7792584,
            "min": 35.1681892,
            "max": 43.7792584,
            "count": 2
        },
        "MoveToGoal.Policy.Beta.mean": {
            "value": 0.0005000000000000001,
            "min": 0.0005,
            "max": 0.0005000000000000001,
            "count": 2
        },
        "MoveToGoal.Policy.Beta.sum": {
            "value": 0.19900000000000007,
            "min": 0.1385,
            "max": 0.19900000000000007,
            "count": 2
        },
        "MoveToGoal.IsTraining.mean": {
            "value": 1.0,
            "min": 1.0,
            "max": 1.0,
            "count": 2
        },
        "MoveToGoal.IsTraining.sum": {
            "value": 1.0,
            "min": 1.0,
            "max": 1.0,
            "count": 2
        }
    },
    "metadata": {
        "timer_format_version": "0.1.0",
        "start_time_seconds": "1712438727",
        "python_version": "3.9.0 (tags/v3.9.0:9cf6752, Oct  5 2020, 15:34:40) [MSC v.1927 64 bit (AMD64)]",
        "command_line_arguments": "E:\\UnityProjects\\Battle\\MLvenv\\Scripts\\mlagents-learn config/MoveToGoal.yaml --run-id=ParameterTest2 --resume",
        "mlagents_version": "0.30.0",
        "mlagents_envs_version": "0.30.0",
        "communication_protocol_version": "1.5.0",
        "pytorch_version": "2.2.2+cu121",
        "numpy_version": "1.21.2",
        "end_time_seconds": "1712439392"
    },
    "total": 665.3867053,
    "count": 1,
    "self": 0.012641499999972439,
    "children": {
        "run_training.setup": {
            "total": 0.13633460000000008,
            "count": 1,
            "self": 0.13633460000000008
        },
        "TrainerController.start_learning": {
            "total": 665.2377292,
            "count": 1,
            "self": 0.3620646999974042,
            "children": {
                "TrainerController._reset_env": {
                    "total": 36.9458888,
                    "count": 1,
                    "self": 36.9458888
                },
                "TrainerController.advance": {
                    "total": 627.8087275000025,
                    "count": 15600,
                    "self": 0.362951699998348,
                    "children": {
                        "env_step": {
                            "total": 257.0844479000008,
                            "count": 15600,
                            "self": 177.0951190000032,
                            "children": {
                                "SubprocessEnvManager._take_step": {
                                    "total": 79.75564739999649,
                                    "count": 15600,
                                    "self": 1.0638603999931746,
                                    "children": {
                                        "TorchPolicy.evaluate": {
                                            "total": 78.69178700000332,
                                            "count": 14241,
                                            "self": 78.69178700000332
                                        }
                                    }
                                },
                                "workers": {
                                    "total": 0.23368150000109011,
                                    "count": 15600,
                                    "self": 0.0,
                                    "children": {
                                        "worker_root": {
                                            "total": 629.5273941000019,
                                            "count": 15600,
                                            "is_parallel": true,
                                            "self": 471.3664552000057,
                                            "children": {
                                                "steps_from_proto": {
                                                    "total": 0.0006301000000021872,
                                                    "count": 1,
                                                    "is_parallel": true,
                                                    "self": 0.000339400000001433,