{
    "name": "root",
    "gauges": {
        "MoveToGoal.Policy.Entropy.mean": {
            "value": 2.1158885955810547,
            "min": 2.0797393321990967,
            "max": 2.135547399520874,
            "count": 20
        },
        "MoveToGoal.Policy.Entropy.sum": {
            "value": 105472.8203125,
            "min": 104481.9453125,
            "max": 106926.859375,
            "count": 20
        },
        "MoveToGoal.Step.mean": {
            "value": 999946.0,
            "min": 49995.0,
            "max": 999946.0,
            "count": 20
        },
        "MoveToGoal.Step.sum": {
            "value": 999946.0,
            "min": 49995.0,
            "max": 999946.0,
            "count": 20
        },
        "MoveToGoal.Policy.ExtrinsicValueEstimate.mean": {
            "value": 0.8679904341697693,
            "min": 0.7114188075065613,
            "max": 0.9039804339408875,
            "count": 20
        },
        "MoveToGoal.Policy.ExtrinsicValueEstimate.sum": {
            "value": 749.0757446289062,
            "min": 615.3772583007812,
            "max": 797.3107299804688,
            "count": 20
        },
        "MoveToGoal.Environment.EpisodeLength.mean": {
            "value": 273.0,
            "min": 257.3730569948186,
            "max": 329.2105263157895,
            "count": 20
        },
        "MoveToGoal.Environment.EpisodeLength.sum": {
            "value": 48867.0,
            "min": 48867.0,
            "max": 50873.0,
            "count": 20
        },
        "MoveToGoal.Environment.CumulativeReward.mean": {
            "value": 1.4972067039106145,
            "min": 1.1058201058201058,
            "max": 1.6987951807228916,
            "count": 20
        },
        "MoveToGoal.Environment.CumulativeReward.sum": {
            "value": 268.0,
            "min": 191.0,
            "max": 315.0,
            "count": 20
        },
        "MoveToGoal.Policy.ExtrinsicReward.mean": {
            "value": 1.4972067039106145,
            "min": 1.1058201058201058,
            "max": 1.6987951807228916,
            "count": 20
        },
        "MoveToGoal.Policy.ExtrinsicReward.sum": {
            "value": 268.0,
            "min": 191.0,
            "max": 315.0,
            "count": 20
        },
        "MoveToGoal.Losses.PolicyLoss.mean": {
            "value": 0.05022173419232684,
            "min": 0.04864965463970697,
            "max": 0.05380652634878654,
            "count": 20
        },
        "MoveToGoal.Losses.PolicyLoss.sum": {
            "value": 2.4106432412316883,
            "min": 2.3351834227059345,
            "max": 2.6365197910905405,
            "count": 20
        },
        "MoveToGoal.Losses.ValueLoss.mean": {
            "value": 0.09752482128484795,
            "min": 0.05907386777808472,
            "max": 0.12761256656505995,
            "count": 20
        },
        "MoveToGoal.Losses.ValueLoss.sum": {
            "value": 4.681191421672701,
            "min": 2.894619521126151,
            "max": 6.125403195122878,
            "count": 20
        },
        "MoveToGoal.Policy.LearningRate.mean": {
            "value": 2.5023208198750014e-07,
            "min": 2.5023208198750014e-07,
            "max": 9.74759356575625e-06,
            "count": 20
        },
        "MoveToGoal.Policy.LearningRate.sum": {
            "value": 1.2011139935400006e-05,
            "min": 1.2011139935400006e-05,
            "max": 0.0004678844911563,
            "count": 20
        },
        "MoveToGoal.Policy.Epsilon.mean": {
            "value": 0.10500269166666666,
            "min": 0.10500269166666666,
            "max": 0.2949518208333333,
            "count": 20
        },
        "MoveToGoal.Policy.Epsilon.sum": {
            "value": 5.0401292,
            "min": 5.0401292,
            "max": 14.1576874,
            "count": 20
        },
        "MoveToGoal.Policy.Beta.mean": {
            "value": 0.005,
            "min": 0.005,
            "max": 0.005,
            "count": 20
        },
        "MoveToGoal.Policy.Beta.sum": {
            "value": 0.24000000000000002,
            "min": 0.24000000000000002,
            "max": 0.24500000000000002,
            "count": 20
        },
        "MoveToGoal.IsTraining.mean": {
            "value": 1.0,
            "min": 1.0,
            "max": 1.0,
            "count": 20
        },
        "MoveToGoal.IsTraining.sum": {
            "value": 1.0,
            "min": 1.0,
            "max": 1.0,
            "count": 20
        }
    },
    "metadata": {
        "timer_format_version": "0.1.0",
        "start_time_seconds": "1712786547",
        "python_version": "3.9.0 (tags/v3.9.0:9cf6752, Oct  5 2020, 15:34:40) [MSC v.1927 64 bit (AMD64)]",
        "command_line_arguments": "E:\\UnityProjects\\Battle\\MLvenv\\Scripts\\mlagents-learn config/PushDummy.yaml --initialize-from=RandomTest4 --run-id=PushTest1 --force",
        "mlagents_version": "0.30.0",
        "mlagents_envs_version": "0.30.0",
        "communication_protocol_version": "1.5.0",
        "pytorch_version": "2.2.2+cu121",
        "numpy_version": "1.21.2",
        "end_time_seconds": "1712790125"
    },
    "total": 3577.8500661,
    "count": 1,
    "self": 0.05439769999975397,
    "children": {
        "run_training.setup": {
            "total": 0.19907509999999995,
            "count": 1,
            "self": 0.19907509999999995
        },
        "TrainerController.start_learning": {
            "total": 3577.5965933,
            "count": 1,
            "self": 4.024337100049706,
            "children": {
                "TrainerController._reset_env": {
                    "total": 38.7886595,
                    "count": 1,
                    "self": 38.7886595
                },
                "TrainerController.advance": {
                    "total": 3534.6345784999507,
                    "count": 169941,
                    "self": 4.23389750002616,
                    "children": {
                        "env_step": {
                            "total": 2998.123450599984,
                            "count": 169941,
                            "self": 2060.9025354999294,
                            "children": {
                                "SubprocessEnvManager._take_step": {
                                    "total": 934.6202084000233,
                                    "count": 169941,
                                    "self": 12.59476800006837,
                                    "children": {
                                        "TorchPolicy.evaluate": {
                                            "total": 922.025440399955,
                                            "count": 166687,
                                            "self": 922.025440399955
                                        }
                                    }
                                },
                                "workers": {
                                    "total": 2.600706700031168,
                                    "count": 169941,
                                    "self": 0.0,
                                    "children": {
                                        "worker_root": {
                                            "total": 3535.1453522999855,
                                            "count": 169941,
                                            "is_parallel": true,
                                            "self": 1690.6836293000686,
                                            "children": {
                                                "steps_from_proto": {
                                                    "total": 0.020082699999996123,
                                                    "count": 1,
                                                    "is_parallel": true,
                                                    "self": 0.006007799999999008,