{
    "name": "root",
    "gauges": {
        "MoveToGoal.Policy.Entropy.mean": {
            "value": 2.089407205581665,
            "min": 1.9556347131729126,
            "max": 2.089407205581665,
            "count": 10
        },
        "MoveToGoal.Policy.Entropy.sum": {
            "value": 104378.4296875,
            "min": 98054.09375,
            "max": 104461.96875,
            "count": 10
        },
        "MoveToGoal.Step.mean": {
            "value": 499993.0,
            "min": 49992.0,
            "max": 499993.0,
            "count": 10
        },
        "MoveToGoal.Step.sum": {
            "value": 499993.0,
            "min": 49992.0,
            "max": 499993.0,
            "count": 10
        },
        "MoveToGoal.Policy.ExtrinsicValueEstimate.mean": {
            "value": 9.329771995544434,
            "min": 1.1499145030975342,
            "max": 9.329771995544434,
            "count": 10
        },
        "MoveToGoal.Policy.ExtrinsicValueEstimate.sum": {
            "value": 7557.115234375,
            "min": 922.2313842773438,
            "max": 7557.115234375,
            "count": 10
        },
        "MoveToGoal.Environment.EpisodeLength.mean": {
            "value": 518.1030927835052,
            "min": 439.0438596491228,
            "max": 585.435294117647,
            "count": 10
        },
        "MoveToGoal.Environment.EpisodeLength.sum": {
            "value": 50256.0,
            "min": 48290.0,
            "max": 50806.0,
            "count": 10
        },
        "MoveToGoal.Environment.CumulativeReward.mean": {
            "value": 30.708333333333332,
            "min": 1.4680851063829787,
            "max": 30.708333333333332,
            "count": 10
        },
        "MoveToGoal.Environment.CumulativeReward.sum": {
            "value": 2948.0,
            "min": 138.0,
            "max": 2948.0,
            "count": 10
        },
        "MoveToGoal.Policy.ExtrinsicReward.mean": {
            "value": 30.708333333333332,
            "min": 1.4680851063829787,
            "max": 30.708333333333332,
            "count": 10
        },
        "MoveToGoal.Policy.ExtrinsicReward.sum": {
            "value": 2948.0,
            "min": 138.0,
            "max": 2948.0,
            "count": 10
        },
        "MoveToGoal.Losses.PolicyLoss.mean": {
            "value": 0.049451916720039554,
            "min": 0.04829997777272425,
            "max": 0.052625198973611176,
            "count": 10
        },
        "MoveToGoal.Losses.PolicyLoss.sum": {
            "value": 2.423143919281938,
            "min": 2.366698910863488,
            "max": 2.5260095507333364,
            "count": 10
        },
        "MoveToGoal.Losses.ValueLoss.mean": {
            "value": 78.3538555637509,
            "min": 7.827827270572178,
            "max": 78.3538555637509,
            "count": 10
        },
        "MoveToGoal.Losses.ValueLoss.sum": {
            "value": 3839.3389226237937,
            "min": 375.73570898746453,
            "max": 3839.3389226237937,
            "count": 10
        },
        "MoveToGoal.Policy.LearningRate.mean": {
            "value": 1.4966715419289794e-05,
            "min": 1.4966715419289794e-05,
            "max": 0.00028469530510156663,
            "count": 10
        },
        "MoveToGoal.Policy.LearningRate.sum": {
            "value": 0.0007333690555451999,
            "min": 0.0007333690555451999,
            "max": 0.013665374644875198,
            "count": 10
        },
        "MoveToGoal.Policy.Epsilon.mean": {
            "value": 0.10997774693877549,
            "min": 0.10997774693877549,
            "max": 0.28979686666666665,
            "count": 10
        },
        "MoveToGoal.Policy.Epsilon.sum": {
            "value": 5.388909599999999,
            "min": 5.388909599999999,
            "max": 13.9102496,
            "count": 10
        },
        "MoveToGoal.Policy.Beta.mean": {
            "value": 0.005,
            "min": 0.005,
            "max": 0.005,
            "count": 10
        },
        "MoveToGoal.Policy.Beta.sum": {
            "value": 0.24500000000000002,
            "min": 0.24000000000000002,
            "max": 0.24500000000000002,
            "count": 10
        },
        "MoveToGoal.IsTraining.mean": {
            "value": 1.0,
            "min": 1.0,
            "max": 1.0,
            "count": 10
        },
        "MoveToGoal.IsTraining.sum": {
            "value": 1.0,
            "min": 1.0,
            "max": 1.0,
            "count": 10
        }
    },
    "metadata": {
        "timer_format_version": "0.1.0",
        "start_time_seconds": "1712523431",
        "python_version": "3.9.0 (tags/v3.9.0:9cf6752, Oct  5 2020, 15:34:40) [MSC v.1927 64 bit (AMD64)]",
        "command_line_arguments": "E:\\UnityProjects\\Battle\\MLvenv\\Scripts\\mlagents-learn config/MoveToGoal.yaml --initialize-from=RandomTest2 --run-id=CombatTest1 --force",
        "mlagents_version": "0.30.0",
        "mlagents_envs_version": "0.30.0",
        "communication_protocol_version": "1.5.0",
        "pytorch_version": "2.2.2+cu121",
        "numpy_version": "1.21.2",
        "end_time_seconds": "1712525327"
    },
    "total": 1896.3171376999999,
    "count": 1,
    "self": 0.049922799999649214,
    "children": {
        "run_training.setup": {
            "total": 0.14424690000000018,
            "count": 1,
            "self": 0.14424690000000018
        },
        "TrainerController.start_learning": {
            "total": 1896.1229680000001,
            "count": 1,
            "self": 2.006846999980553,
            "children": {
                "TrainerController._reset_env": {
                    "total": 40.879463699999995,
                    "count": 1,
                    "self": 40.879463699999995
                },
                "TrainerController.advance": {
                    "total": 1853.0866776000194,
                    "count": 84292,
                    "self": 2.0929462000160584,
                    "children": {
                        "env_step": {
                            "total": 1603.4769904000143,
                            "count": 84292,
                            "self": 1167.78908870005,
                            "children": {
                                "SubprocessEnvManager._take_step": {
                                    "total": 434.3634214999922,
                                    "count": 84292,
                                    "self": 6.1975675999746045,
                                    "children": {
                                        "TorchPolicy.evaluate": {
                                            "total": 428.1658539000176,
                                            "count": 83363,
                                            "self": 428.1658539000176
                                        }
                                    }
                                },
                                "workers": {
                                    "total": 1.3244801999721574,
                                    "count": 84292,
                                    "self": 0.0,
                                    "children": {
                                        "worker_root": {
                                            "total": 1854.763643299994,
                                            "count": 84292,
                                            "is_parallel": true,
                                            "self": 795.2068697999598,
                                            "children": {
                                                "steps_from_proto": {
                                                    "total": 0.0005455000000011978,
                                                    "count": 1,
                                                    "is_parallel": true,
                                                    "self": 0.0003124999999997158,