{
    "name": "root",
    "gauges": {
        "MoveToGoal.Policy.Entropy.mean": {
            "value": 1.6110422611236572,
            "min": 1.528913974761963,
            "max": 1.6110422611236572,
            "count": 5
        },
        "MoveToGoal.Policy.Entropy.sum": {
            "value": 80684.21875,
            "min": 76571.0703125,
            "max": 80684.21875,
            "count": 5
        },
        "MoveToGoal.Step.mean": {
            "value": 249960.0,
            "min": 49940.0,
            "max": 249960.0,
            "count": 5
        },
        "MoveToGoal.Step.sum": {
            "value": 249960.0,
            "min": 49940.0,
            "max": 249960.0,
            "count": 5
        },
        "MoveToGoal.Policy.ExtrinsicValueEstimate.mean": {
            "value": -0.03640737757086754,
            "min": -0.07274580001831055,
            "max": -0.003098014509305358,
            "count": 5
        },
        "MoveToGoal.Policy.ExtrinsicValueEstimate.sum": {
            "value": -30.509382247924805,
            "min": -60.66999435424805,
            "max": -2.589940071105957,
            "count": 5
        },
        "MoveToGoal.Losses.PolicyLoss.mean": {
            "value": 0.24366849198854829,
            "min": 0.24366849198854829,
            "max": 0.2474197078734239,
            "count": 5
        },
        "MoveToGoal.Losses.PolicyLoss.sum": {
            "value": 92.3503584636598,
            "min": 70.92514828917481,
            "max": 93.52464957615423,
            "count": 5
        },
        "MoveToGoal.Losses.ValueLoss.mean": {
            "value": 0.004922535595305821,
            "min": 0.0013229618970542704,
            "max": 0.00559259865552858,
            "count": 5
        },
        "MoveToGoal.Losses.ValueLoss.sum": {
            "value": 1.8656409906209062,
            "min": 0.5000795970865142,
            "max": 1.8656409906209062,
            "count": 5
        },
        "MoveToGoal.Policy.LearningRate.mean": {
            "value": 3.018235062526227e-05,
            "min": 3.018235062526227e-05,
            "max": 0.0002640355311519233,
            "count": 5
        },
        "MoveToGoal.Policy.LearningRate.sum": {
            "value": 0.0114391108869744,
            "min": 0.0114391108869744,
            "max": 0.079437875320712,
            "count": 5
        },
        "MoveToGoal.Policy.Epsilon.mean": {
            "value": 0.11006075356200529,
            "min": 0.11006075356200529,
            "max": 0.18801183972125438,
            "count": 5
        },
        "MoveToGoal.Policy.Epsilon.sum": {
            "value": 41.7130256,
            "min": 41.7130256,
            "max": 64.27928800000001,
            "count": 5
        },
        "MoveToGoal.Policy.Beta.mean": {
            "value": 0.0005000000000000001,
            "min": 0.0005,
            "max": 0.0005000000000000001,
            "count": 5
        },
        "MoveToGoal.Policy.Beta.sum": {
            "value": 0.18950000000000006,
            "min": 0.14350000000000002,
            "max": 0.18950000000000006,
            "count": 5
        },
        "MoveToGoal.Environment.EpisodeLength.mean": {
            "value": 485.4059405940594,
            "min": 485.4059405940594,
            "max": 555.8837209302326,
            "count": 5
        },
        "MoveToGoal.Environment.EpisodeLength.sum": {
            "value": 49026.0,
            "min": 47806.0,
            "max": 50377.0,
            "count": 5
        },
        "MoveToGoal.Environment.CumulativeReward.mean": {
            "value": -0.09900990099009901,
            "min": -0.13592233009708737,
            "max": 0.05813953488372093,
            "count": 5
        },
        "MoveToGoal.Environment.CumulativeReward.sum": {
            "value": -10.0,
            "min": -14.0,
            "max": 5.0,
            "count": 5
        },
        "MoveToGoal.Policy.ExtrinsicReward.mean": {
            "value": -0.09900990099009901,
            "min": -0.13592233009708737,
            "max": 0.05813953488372093,
            "count": 5
        },
        "MoveToGoal.Policy.ExtrinsicReward.sum": {
            "value": -10.0,
            "min": -14.0,
            "max": 5.0,
            "count": 5
        },
        "MoveToGoal.IsTraining.mean": {
            "value": 1.0,
            "min": 1.0,
            "max": 1.0,
            "count": 5
        },
        "MoveToGoal.IsTraining.sum": {
            "value": 1.0,
            "min": 1.0,
            "max": 1.0,
            "count": 5
        }
    },
    "metadata": {
        "timer_format_version": "0.1.0",
        "start_time_seconds": "1712440766",
        "python_version": "3.9.0 (tags/v3.9.0:9cf6752, Oct  5 2020, 15:34:40) [MSC v.1927 64 bit (AMD64)]",
        "command_line_arguments": "E:\\UnityProjects\\Battle\\MLvenv\\Scripts\\mlagents-learn config/MoveToGoal.yaml --initialize-from=ParameterTest2 --run-id=RandomTest1",
        "mlagents_version": "0.30.0",
        "mlagents_envs_version": "0.30.0",
        "communication_protocol_version": "1.5.0",
        "pytorch_version": "2.2.2+cu121",
        "numpy_version": "1.21.2",
        "end_time_seconds": "1712442843"
    },
    "total": 2076.9470459,
    "count": 1,
    "self": 0.044866499999898224,
    "children": {
        "run_training.setup": {
            "total": 0.16608679999999998,
            "count": 1,
            "self": 0.16608679999999998
        },
        "TrainerController.start_learning": {
            "total": 2076.7360926,
            "count": 1,
            "self": 1.0521448000081364,
            "children": {
                "TrainerController._reset_env": {
                    "total": 14.474177099999999,
                    "count": 1,
                    "self": 14.474177099999999
                },
                "TrainerController.advance": {
                    "total": 2061.056756999992,
                    "count": 42092,
                    "self": 1.076042000002417,
                    "children": {
                        "env_step": {
                            "total": 886.3081033999904,
                            "count": 42092,
                            "self": 674.8429023999709,
                            "children": {
                                "SubprocessEnvManager._take_step": {
                                    "total": 210.78789910001393,
                                    "count": 42092,
                                    "self": 3.376832700015484,
                                    "children": {
                                        "TorchPolicy.evaluate": {
                                            "total": 207.41106639999845,
                                            "count": 41698,
                                            "self": 207.41106639999845
                                        }
                                    }
                                },
                                "workers": {
                                    "total": 0.6773019000055669,
                                    "count": 42092,
                                    "self": 0.0,
                                    "children": {
                                        "worker_root": {
                                            "total": 2061.6615298999936,
                                            "count": 42092,
                                            "is_parallel": true,
                                            "self": 1444.075620599987,
                                            "children": {
                                                "steps_from_proto": {
                                                    "total": 0.0007248999999998063,
                                                    "count": 1,
                                                    "is_parallel": true,
                                                    "self": 0.00036429999999931795,